<beans:beans xmlns="http://www.springframework.org/schema/security"  
    xmlns:beans="http://www.springframework.org/schema/beans"  
    xmlns:xsi="http://www.w3.org/2001/XMLSchema-instance"  
    xsi:schemaLocation="http://www.springframework.org/schema/beans  
    http://www.springframework.org/schema/beans/spring-beans.xsd  
    http://www.springframework.org/schema/security  
    http://www.springframework.org/schema/security/spring-security.xsd">  
 <http auto-config="true" use-expressions="true">
        <intercept-url pattern="/admin/**" access="hasRole('ROLE_ADMIN')" />
        <form-login 
		    login-page="/login" 
			authentication-failure-url="/login?error" 
			username-parameter="employeeId"
			password-parameter="password" />
		<logout logout-success-url="/login?logout" />  
    </http>  
    <authentication-manager>  
      <authentication-provider>  
        <user-service>  
        <user name="123456" password="Admin@123" authorities="ROLE_ADMIN" />  
        </user-service>  
      </authentication-provider>  
    </authentication-manager>  
</beans:beans>  